,ai_usage_frequency,linear_algebra_score,ideology_score,probability_score,overall_gpa
ai_usage_frequency,1.0,0.9793325715548381,0.975406118069128,0.9768165177668022,0.9995485604202902
linear_algebra_score,0.9793325715548381,1.0,0.9982947134132917,0.9985030257190162,0.9793677244256552
ideology_score,0.975406118069128,0.9982947134132917,1.0,0.9976727380107201,0.9753155317357222
probability_score,0.9768165177668022,0.9985030257190162,0.9976727380107201,1.0,0.9766769396968679
overall_gpa,0.9995485604202902,0.9793677244256552,0.9753155317357222,0.9766769396968679,1.0
